[{"country":"United States","city":"New Orleans","state":"Louisiana","phone":"504-981-8641"},
{"country":"United States","city":"New York City","state":"New York","phone":"212-312-1945"},
{"country":"United States","city":"Evansville","state":"Indiana","phone":"812-686-5181"},
{"country":"United States","city":"Chula Vista","state":"California","phone":"619-837-7820"},
{"country":"United States","city":"San Francisco","state":"California","phone":"310-460-4831"},
{"country":"United States","city":"West Palm Beach","state":"Florida","phone":"561-530-8558"},
{"country":"United States","city":"White Plains","state":"New York","phone":"845-996-0476"},
{"country":"United States","city":"Orlando","state":"Florida","phone":"941-982-5845"},
{"country":"United States","city":"Birmingham","state":"Alabama","phone":"205-918-8599"},
{"country":"United States","city":"Conroe","state":"Texas","phone":"936-838-5979"},
{"country":"United States","city":"Greensboro","state":"North Carolina","phone":"910-809-1526"},
{"country":"United States","city":"Colorado Springs","state":"Colorado","phone":"719-751-8509"},
{"country":"United States","city":"Warren","state":"Michigan","phone":"810-425-1908"},
{"country":"United States","city":"Washington","state":"District of Columbia","phone":"202-645-5430"},
{"country":"United States","city":"Stamford","state":"Connecticut","phone":"203-392-5193"},
{"country":"United States","city":"Knoxville","state":"Tennessee","phone":"865-555-0065"},
{"country":"United States","city":"San Diego","state":"California","phone":"858-889-1838"},
{"country":"United States","city":"Provo","state":"Utah","phone":"801-239-2840"},
{"country":"United States","city":"San Jose","state":"California","phone":"408-181-5190"},
{"country":"United States","city":"Appleton","state":"Wisconsin","phone":"920-181-2357"},
{"country":"United States","city":"San Jose","state":"California","phone":"408-468-9452"},
{"country":"United States","city":"Los Angeles","state":"California","phone":"323-908-4196"},
{"country":"United States","city":"Portland","state":"Oregon","phone":"503-898-4746"},
{"country":"United States","city":"Katy","state":"Texas","phone":"832-946-3309"},
{"country":"United States","city":"Oakland","state":"California","phone":"415-356-5494"},
{"country":"United States","city":"El Paso","state":"Texas","phone":"915-482-4501"},
{"country":"United States","city":"Schenectady","state":"New York","phone":"518-462-1102"},
{"country":"United States","city":"Gulfport","state":"Mississippi","phone":"228-566-5579"},
{"country":"United States","city":"Dallas","state":"Texas","phone":"469-482-5204"},
{"country":"United States","city":"Irving","state":"Texas","phone":"817-838-0774"},
{"country":"United States","city":"Muskegon","state":"Michigan","phone":"231-358-8605"},
{"country":"United States","city":"Charleston","state":"South Carolina","phone":"843-988-6750"},
{"country":"United States","city":"Tacoma","state":"Washington","phone":"253-120-2001"},
{"country":"United States","city":"Des Moines","state":"Iowa","phone":"515-668-9473"},
{"country":"United States","city":"Largo","state":"Florida","phone":"727-225-1460"},
{"country":"United States","city":"Stockton","state":"California","phone":"209-867-6960"},
{"country":"United States","city":"Oklahoma City","state":"Oklahoma","phone":"405-200-6655"},
{"country":"United States","city":"Saint Louis","state":"Missouri","phone":"314-790-7875"},
{"country":"United States","city":"Columbus","state":"Georgia","phone":"706-740-2418"},
{"country":"United States","city":"Baltimore","state":"Maryland","phone":"410-632-1563"},
{"country":"United States","city":"Omaha","state":"Nebraska","phone":"402-341-4579"},
{"country":"United States","city":"Springfield","state":"Massachusetts","phone":"413-775-8804"},
{"country":"United States","city":"Akron","state":"Ohio","phone":"330-766-6307"},
{"country":"United States","city":"Chicago","state":"Illinois","phone":"312-331-6829"},
{"country":"United States","city":"Greensboro","state":"North Carolina","phone":"336-168-2480"},
{"country":"United States","city":"Tulsa","state":"Oklahoma","phone":"918-684-3930"},
{"country":"United States","city":"Fort Wayne","state":"Indiana","phone":"260-886-5826"},
{"country":"United States","city":"Silver Spring","state":"Maryland","phone":"301-518-0666"},
{"country":"United States","city":"Toledo","state":"Ohio","phone":"419-598-7568"},
{"country":"United States","city":"Jamaica","state":"New York","phone":"212-389-9572"},
{"country":"United States","city":"Vancouver","state":"Washington","phone":"360-616-6485"},
{"country":"United States","city":"Indianapolis","state":"Indiana","phone":"317-212-9996"},
{"country":"United States","city":"Colorado Springs","state":"Colorado","phone":"719-751-8720"},
{"country":"United States","city":"Washington","state":"District of Columbia","phone":"202-472-2407"},
{"country":"United States","city":"Richmond","state":"Virginia","phone":"804-973-8496"},
{"country":"United States","city":"Kansas City","state":"Missouri","phone":"816-543-0813"},
{"country":"United States","city":"Maple Plain","state":"Minnesota","phone":"952-581-0221"},
{"country":"United States","city":"El Paso","state":"Texas","phone":"915-612-6487"},
{"country":"United States","city":"Young America","state":"Minnesota","phone":"952-460-9574"},
{"country":"United States","city":"Fairfax","state":"Virginia","phone":"571-367-8082"},
{"country":"United States","city":"Detroit","state":"Michigan","phone":"313-287-0725"},
{"country":"United States","city":"Washington","state":"District of Columbia","phone":"202-205-5843"},
{"country":"United States","city":"Louisville","state":"Kentucky","phone":"502-595-3403"},
{"country":"United States","city":"Fresno","state":"California","phone":"559-374-9961"},
{"country":"United States","city":"Everett","state":"Washington","phone":"425-999-1186"},
{"country":"United States","city":"Jackson","state":"Mississippi","phone":"601-374-9915"},
{"country":"United States","city":"Saint Paul","state":"Minnesota","phone":"651-413-3502"},
{"country":"United States","city":"Gatesville","state":"Texas","phone":"254-413-0298"},
{"country":"United States","city":"Indianapolis","state":"Indiana","phone":"317-472-6450"},
{"country":"United States","city":"Baton Rouge","state":"Louisiana","phone":"225-356-2217"},
{"country":"United States","city":"Saginaw","state":"Michigan","phone":"989-204-5032"},
{"country":"United States","city":"Memphis","state":"Tennessee","phone":"615-123-5116"},
{"country":"United States","city":"Pensacola","state":"Florida","phone":"850-114-6958"},
{"country":"United States","city":"Salem","state":"Oregon","phone":"971-809-6876"},
{"country":"United States","city":"Saint Louis","state":"Missouri","phone":"314-446-5483"},
{"country":"United States","city":"Oklahoma City","state":"Oklahoma","phone":"405-129-6875"},
{"country":"United States","city":"Miami","state":"Florida","phone":"786-163-7764"},
{"country":"United States","city":"Brockton","state":"Massachusetts","phone":"508-988-0382"},
{"country":"United States","city":"Oklahoma City","state":"Oklahoma","phone":"405-598-9480"},
{"country":"United States","city":"Amarillo","state":"Texas","phone":"806-486-3308"},
{"country":"United States","city":"New Haven","state":"Connecticut","phone":"203-503-3863"},
{"country":"United States","city":"Denver","state":"Colorado","phone":"719-630-4053"},
{"country":"United States","city":"New Castle","state":"Pennsylvania","phone":"724-671-0650"},
{"country":"United States","city":"Washington","state":"District of Columbia","phone":"202-211-5526"},
{"country":"United States","city":"Fargo","state":"North Dakota","phone":"701-185-6111"},
{"country":"United States","city":"Milwaukee","state":"Wisconsin","phone":"920-572-1873"},
{"country":"United States","city":"Corona","state":"California","phone":"951-343-3658"},
{"country":"United States","city":"Salt Lake City","state":"Utah","phone":"801-867-1069"},
{"country":"United States","city":"New York City","state":"New York","phone":"212-633-3861"},
{"country":"United States","city":"Washington","state":"District of Columbia","phone":"202-395-1940"},
{"country":"United States","city":"Indianapolis","state":"Indiana","phone":"317-391-5541"},
{"country":"United States","city":"Toledo","state":"Ohio","phone":"419-168-5390"},
{"country":"United States","city":"Albany","state":"New York","phone":"518-124-0501"},
{"country":"United States","city":"Sioux City","state":"Iowa","phone":"712-849-7688"},
{"country":"United States","city":"Seattle","state":"Washington","phone":"425-382-5452"},
{"country":"United States","city":"Maple Plain","state":"Minnesota","phone":"763-999-6324"},
{"country":"United States","city":"Dallas","state":"Texas","phone":"214-575-4189"},
{"country":"United States","city":"Oklahoma City","state":"Oklahoma","phone":"405-562-0665"},
{"country":"United States","city":"Miami","state":"Florida","phone":"786-475-8847"},
{"country":"United States","city":"Saint Petersburg","state":"Florida","phone":"813-448-6128"},
{"country":"United States","city":"Cincinnati","state":"Ohio","phone":"513-482-6524"},
{"country":"United States","city":"Sacramento","state":"California","phone":"916-530-3034"},
{"country":"United States","city":"Pasadena","state":"Texas","phone":"713-897-8093"},
{"country":"United States","city":"Las Vegas","state":"Nevada","phone":"702-982-3583"},
{"country":"United States","city":"Migrate","state":"Kentucky","phone":"502-935-2125"},
{"country":"United States","city":"Charleston","state":"West Virginia","phone":"304-135-8514"},
{"country":"United States","city":"Columbia","state":"South Carolina","phone":"803-172-1306"},
{"country":"United States","city":"Burbank","state":"California","phone":"661-285-7441"},
{"country":"United States","city":"Pueblo","state":"Colorado","phone":"719-831-6666"},
{"country":"United States","city":"Gainesville","state":"Florida","phone":"352-492-9970"},
{"country":"United States","city":"Scottsdale","state":"Arizona","phone":"480-374-3547"},
{"country":"United States","city":"Atlanta","state":"Georgia","phone":"404-829-8230"},
{"country":"United States","city":"Miami","state":"Florida","phone":"786-689-6594"},
{"country":"United States","city":"Erie","state":"Pennsylvania","phone":"814-120-4018"},
{"country":"United States","city":"Oakland","state":"California","phone":"510-967-4955"},
{"country":"United States","city":"Baltimore","state":"Maryland","phone":"443-761-4436"},
{"country":"United States","city":"Bethlehem","state":"Pennsylvania","phone":"267-646-2072"},
{"country":"United States","city":"Santa Barbara","state":"California","phone":"805-258-2160"},
{"country":"United States","city":"Topeka","state":"Kansas","phone":"785-173-9965"},
{"country":"United States","city":"Irvine","state":"California","phone":"714-725-0147"},
{"country":"United States","city":"Miami","state":"Florida","phone":"305-123-8987"},
{"country":"United States","city":"San Rafael","state":"California","phone":"415-562-5492"},
{"country":"United States","city":"Salt Lake City","state":"Utah","phone":"801-203-3175"},
{"country":"United States","city":"Houston","state":"Texas","phone":"281-210-9579"},
{"country":"United States","city":"Houston","state":"Texas","phone":"713-122-4708"},
{"country":"United States","city":"Shawnee Mission","state":"Kansas","phone":"816-377-8601"},
{"country":"United States","city":"Gary","state":"Indiana","phone":"219-719-7015"},
{"country":"United States","city":"Louisville","state":"Kentucky","phone":"502-789-0662"},
{"country":"United States","city":"Mobile","state":"Alabama","phone":"251-562-2722"},
{"country":"United States","city":"Daytona Beach","state":"Florida","phone":"386-396-0018"},
{"country":"United States","city":"Springfield","state":"Illinois","phone":"217-355-1189"},
{"country":"United States","city":"Huntsville","state":"Alabama","phone":"256-448-8533"},
{"country":"United States","city":"Waterloo","state":"Iowa","phone":"319-463-8174"},
{"country":"United States","city":"Philadelphia","state":"Pennsylvania","phone":"610-574-0702"},
{"country":"United States","city":"Lexington","state":"Kentucky","phone":"859-130-9225"},
{"country":"United States","city":"Boston","state":"Massachusetts","phone":"617-540-6376"},
{"country":"United States","city":"Albany","state":"New York","phone":"518-613-9679"},
{"country":"United States","city":"Newport News","state":"Virginia","phone":"757-266-4043"},
{"country":"United States","city":"Boston","state":"Massachusetts","phone":"617-183-1705"},
{"country":"United States","city":"Fayetteville","state":"North Carolina","phone":"910-451-2402"},
{"country":"United States","city":"Columbia","state":"South Carolina","phone":"803-592-0976"},
{"country":"United States","city":"Anniston","state":"Alabama","phone":"256-201-9679"},
{"country":"United States","city":"Miami","state":"Florida","phone":"786-700-3613"},
{"country":"United States","city":"Bakersfield","state":"California","phone":"661-871-5071"},
{"country":"United States","city":"Tulsa","state":"Oklahoma","phone":"918-431-3795"},
{"country":"United States","city":"Peoria","state":"Illinois","phone":"309-385-3495"},
{"country":"United States","city":"Long Beach","state":"California","phone":"562-347-1899"},
{"country":"United States","city":"Portland","state":"Oregon","phone":"503-702-5210"},
{"country":"United States","city":"Warren","state":"Michigan","phone":"586-906-9983"},
{"country":"United States","city":"Amarillo","state":"Texas","phone":"806-133-9643"},
{"country":"United States","city":"Saint Louis","state":"Missouri","phone":"314-429-5122"},
{"country":"United States","city":"Boston","state":"Massachusetts","phone":"617-664-0286"},
{"country":"United States","city":"Washington","state":"District of Columbia","phone":"202-182-9632"},
{"country":"United States","city":"Winter Haven","state":"Florida","phone":"407-509-5220"},
{"country":"United States","city":"Omaha","state":"Nebraska","phone":"402-653-9550"},
{"country":"United States","city":"Orlando","state":"Florida","phone":"407-305-5231"},
{"country":"United States","city":"Lincoln","state":"Nebraska","phone":"402-327-0810"},
{"country":"United States","city":"Topeka","state":"Kansas","phone":"785-482-0810"},
{"country":"United States","city":"Baton Rouge","state":"Louisiana","phone":"225-748-4352"},
{"country":"United States","city":"Bryan","state":"Texas","phone":"979-913-2039"},
{"country":"United States","city":"Garden Grove","state":"California","phone":"714-638-5984"},
{"country":"United States","city":"Clearwater","state":"Florida","phone":"727-461-9579"},
{"country":"United States","city":"Orlando","state":"Florida","phone":"407-366-8693"},
{"country":"United States","city":"Salinas","state":"California","phone":"831-385-5226"},
{"country":"United States","city":"Stockton","state":"California","phone":"209-943-5970"},
{"country":"United States","city":"Jacksonville","state":"Florida","phone":"904-554-0532"},
{"country":"United States","city":"Fort Myers","state":"Florida","phone":"239-700-5061"},
{"country":"United States","city":"Lansing","state":"Michigan","phone":"517-392-7542"},
{"country":"United States","city":"Tucson","state":"Arizona","phone":"520-255-2983"},
{"country":"United States","city":"Dallas","state":"Texas","phone":"469-890-6536"},
{"country":"United States","city":"Philadelphia","state":"Pennsylvania","phone":"215-746-0325"},
{"country":"United States","city":"Alpharetta","state":"Georgia","phone":"404-810-2264"},
{"country":"United States","city":"Columbus","state":"Ohio","phone":"614-628-9982"},
{"country":"United States","city":"Denton","state":"Texas","phone":"940-495-0712"},
{"country":"United States","city":"Columbus","state":"Ohio","phone":"614-624-6824"},
{"country":"United States","city":"Portland","state":"Oregon","phone":"503-141-8649"},
{"country":"United States","city":"Ventura","state":"California","phone":"805-419-2773"},
{"country":"United States","city":"Fresno","state":"California","phone":"559-103-1153"},
{"country":"United States","city":"Alhambra","state":"California","phone":"626-872-3338"},
{"country":"United States","city":"Orlando","state":"Florida","phone":"407-752-6674"},
{"country":"United States","city":"El Paso","state":"Texas","phone":"915-695-4934"},
{"country":"United States","city":"El Paso","state":"Texas","phone":"915-549-4367"},
{"country":"United States","city":"Santa Clara","state":"California","phone":"858-369-7594"},
{"country":"United States","city":"Arlington","state":"Virginia","phone":"571-639-7769"},
{"country":"United States","city":"Grand Rapids","state":"Michigan","phone":"616-309-1652"},
{"country":"United States","city":"Fort Lauderdale","state":"Florida","phone":"954-989-7591"},
{"country":"United States","city":"Toledo","state":"Ohio","phone":"419-646-8538"},
{"country":"United States","city":"Glendale","state":"Arizona","phone":"602-725-6684"},
{"country":"United States","city":"Newark","state":"Delaware","phone":"302-533-1852"},
{"country":"United States","city":"Huntington","state":"West Virginia","phone":"304-857-2891"},
{"country":"United States","city":"Delray Beach","state":"Florida","phone":"561-729-8686"},
{"country":"United States","city":"Sioux Falls","state":"South Dakota","phone":"605-598-6493"},
{"country":"United States","city":"Portland","state":"Oregon","phone":"971-164-6133"},
{"country":"United States","city":"Lubbock","state":"Texas","phone":"806-329-4698"},
{"country":"United States","city":"Syracuse","state":"New York","phone":"315-480-8072"},
{"country":"United States","city":"Memphis","state":"Tennessee","phone":"901-138-0404"},
{"country":"United States","city":"Port Saint Lucie","state":"Florida","phone":"772-236-7298"},
{"country":"United States","city":"Albany","state":"New York","phone":"518-865-6232"},
{"country":"United States","city":"Huntsville","state":"Alabama","phone":"256-910-8581"},
{"country":"United States","city":"Indianapolis","state":"Indiana","phone":"317-788-5359"},
{"country":"United States","city":"Charlottesville","state":"Virginia","phone":"434-592-6722"},
{"country":"United States","city":"Birmingham","state":"Alabama","phone":"205-812-0932"},
{"country":"United States","city":"Atlanta","state":"Georgia","phone":"404-370-0823"},
{"country":"United States","city":"Orange","state":"California","phone":"760-439-9180"},
{"country":"United States","city":"Raleigh","state":"North Carolina","phone":"919-331-4334"},
{"country":"United States","city":"Tacoma","state":"Washington","phone":"253-905-7695"},
{"country":"United States","city":"Phoenix","state":"Arizona","phone":"602-225-3257"},
{"country":"United States","city":"Augusta","state":"Georgia","phone":"706-735-4925"},
{"country":"United States","city":"Portland","state":"Oregon","phone":"971-338-9677"},
{"country":"United States","city":"Mesa","state":"Arizona","phone":"480-471-9387"},
{"country":"United States","city":"Lincoln","state":"Nebraska","phone":"402-187-9737"},
{"country":"United States","city":"Montgomery","state":"Alabama","phone":"334-297-3837"},
{"country":"United States","city":"Dayton","state":"Ohio","phone":"937-737-0914"},
{"country":"United States","city":"Roanoke","state":"Virginia","phone":"540-587-1248"},
{"country":"United States","city":"Miami","state":"Florida","phone":"305-589-1952"},
{"country":"United States","city":"Washington","state":"District of Columbia","phone":"202-236-6877"},
{"country":"United States","city":"Atlanta","state":"Georgia","phone":"770-167-9183"},
{"country":"United States","city":"El Paso","state":"Texas","phone":"915-365-5575"},
{"country":"United States","city":"Pittsburgh","state":"Pennsylvania","phone":"-243-1773"},
{"country":"United States","city":"Murfreesboro","state":"Tennessee","phone":"615-983-7956"},
{"country":"United States","city":"Des Moines","state":"Iowa","phone":"515-613-3917"},
{"country":"United States","city":"Salt Lake City","state":"Utah","phone":"801-241-3241"},
{"country":"United States","city":"Louisville","state":"Kentucky","phone":"502-565-9630"},
{"country":"United States","city":"Boston","state":"Massachusetts","phone":"617-111-8941"},
{"country":"United States","city":"Saint Louis","state":"Missouri","phone":"314-181-9179"},
{"country":"United States","city":"Saint Paul","state":"Minnesota","phone":"612-897-7898"},
{"country":"United States","city":"Staten Island","state":"New York","phone":"718-950-9847"},
{"country":"United States","city":"Dallas","state":"Texas","phone":"214-950-3622"},
{"country":"United States","city":"Houston","state":"Texas","phone":"713-629-2896"},
{"country":"United States","city":"Youngstown","state":"Ohio","phone":"330-556-3289"},
{"country":"United States","city":"Charlotte","state":"North Carolina","phone":"704-435-6139"},
{"country":"United States","city":"El Paso","state":"Texas","phone":"915-984-1193"},
{"country":"United States","city":"Denver","state":"Colorado","phone":"303-598-0931"},
{"country":"United States","city":"Washington","state":"District of Columbia","phone":"202-944-4133"},
{"country":"United States","city":"Sacramento","state":"California","phone":"916-864-5114"},
{"country":"United States","city":"Petaluma","state":"California","phone":"707-560-6360"},
{"country":"United States","city":"Miami","state":"Florida","phone":"786-173-3129"},
{"country":"United States","city":"Houston","state":"Texas","phone":"281-346-0742"},
{"country":"United States","city":"Oakland","state":"California","phone":"510-317-1583"},
{"country":"United States","city":"Columbus","state":"Ohio","phone":"614-521-3894"},
{"country":"United States","city":"Pompano Beach","state":"Florida","phone":"754-454-7047"},
{"country":"United States","city":"Spring","state":"Texas","phone":"409-581-0993"},
{"country":"United States","city":"Roanoke","state":"Virginia","phone":"540-522-0894"},
{"country":"United States","city":"Chicago","state":"Illinois","phone":"312-711-8983"},
{"country":"United States","city":"New Hyde Park","state":"New York","phone":"516-562-2325"},
{"country":"United States","city":"Wilmington","state":"North Carolina","phone":"910-856-8096"},
{"country":"United States","city":"Cincinnati","state":"Ohio","phone":"513-139-7524"},
{"country":"United States","city":"Waco","state":"Texas","phone":"254-177-5399"},
{"country":"United States","city":"Dallas","state":"Texas","phone":"214-586-7091"},
{"country":"United States","city":"Atlanta","state":"Georgia","phone":"404-809-2911"},
{"country":"United States","city":"Murfreesboro","state":"Tennessee","phone":"615-575-2312"},
{"country":"United States","city":"Omaha","state":"Nebraska","phone":"402-173-3864"},
{"country":"United States","city":"Youngstown","state":"Ohio","phone":"330-530-6171"},
{"country":"United States","city":"Washington","state":"District of Columbia","phone":"202-165-3239"},
{"country":"United States","city":"Peoria","state":"Illinois","phone":"309-602-2299"},
{"country":"United States","city":"New York City","state":"New York","phone":"212-375-1366"},
{"country":"United States","city":"Saint Louis","state":"Missouri","phone":"314-921-4818"},
{"country":"United States","city":"Minneapolis","state":"Minnesota","phone":"612-457-7721"},
{"country":"United States","city":"Washington","state":"District of Columbia","phone":"202-857-6575"},
{"country":"United States","city":"Lexington","state":"Kentucky","phone":"859-513-7297"},
{"country":"United States","city":"Los Angeles","state":"California","phone":"213-920-2054"},
{"country":"United States","city":"San Bernardino","state":"California","phone":"760-196-5240"},
{"country":"United States","city":"Saint Cloud","state":"Minnesota","phone":"320-466-7550"},
{"country":"United States","city":"Bismarck","state":"North Dakota","phone":"701-131-7470"},
{"country":"United States","city":"Everett","state":"Washington","phone":"425-816-1927"},
{"country":"United States","city":"Las Vegas","state":"Nevada","phone":"702-606-9157"},
{"country":"United States","city":"Lake Worth","state":"Florida","phone":"561-802-7412"},
{"country":"United States","city":"Cincinnati","state":"Ohio","phone":"513-963-4040"},
{"country":"United States","city":"Saint Louis","state":"Missouri","phone":"314-651-6163"},
{"country":"United States","city":"Portsmouth","state":"New Hampshire","phone":"603-263-7986"},
{"country":"United States","city":"Redwood City","state":"California","phone":"650-434-6364"},
{"country":"United States","city":"Sacramento","state":"California","phone":"916-894-0918"},
{"country":"United States","city":"Erie","state":"Pennsylvania","phone":"814-105-3968"},
{"country":"United States","city":"Abilene","state":"Texas","phone":"325-589-4172"},
{"country":"United States","city":"New Orleans","state":"Louisiana","phone":"504-211-6357"},
{"country":"United States","city":"Huntsville","state":"Alabama","phone":"256-995-6110"},
{"country":"United States","city":"El Paso","state":"Texas","phone":"915-543-2729"},
{"country":"United States","city":"Greensboro","state":"North Carolina","phone":"336-742-8001"},
{"country":"United States","city":"Boise","state":"Idaho","phone":"208-800-7903"},
{"country":"United States","city":"Tulsa","state":"Oklahoma","phone":"918-874-8333"},
{"country":"United States","city":"Greensboro","state":"North Carolina","phone":"336-701-1985"},
{"country":"United States","city":"Des Moines","state":"Iowa","phone":"515-962-2941"},
{"country":"United States","city":"Lansing","state":"Michigan","phone":"517-891-8591"},
{"country":"United States","city":"Boise","state":"Idaho","phone":"208-331-9572"},
{"country":"United States","city":"Jefferson City","state":"Missouri","phone":"573-112-4984"},
{"country":"United States","city":"Rochester","state":"New York","phone":"585-555-1502"},
{"country":"United States","city":"Lima","state":"Ohio","phone":"419-851-6699"},
{"country":"United States","city":"Brea","state":"California","phone":"714-707-1782"},
{"country":"United States","city":"Austin","state":"Texas","phone":"512-531-4607"},
{"country":"United States","city":"Richmond","state":"Virginia","phone":"804-607-0209"},
{"country":"United States","city":"Newark","state":"Delaware","phone":"302-334-7203"},
{"country":"United States","city":"Bronx","state":"New York","phone":"718-314-2472"},
{"country":"United States","city":"Atlanta","state":"Georgia","phone":"404-680-3157"},
{"country":"United States","city":"New York City","state":"New York","phone":"212-271-4735"},
{"country":"United States","city":"Shawnee Mission","state":"Kansas","phone":"913-631-4793"},
{"country":"United States","city":"Clearwater","state":"Florida","phone":"727-641-3877"},
{"country":"United States","city":"Portland","state":"Oregon","phone":"503-911-2428"},
{"country":"United States","city":"Carson City","state":"Nevada","phone":"775-572-2275"},
{"country":"United States","city":"Ann Arbor","state":"Michigan","phone":"734-714-2992"},
{"country":"United States","city":"Omaha","state":"Nebraska","phone":"402-158-6708"},
{"country":"United States","city":"Roanoke","state":"Virginia","phone":"540-144-7529"},
{"country":"United States","city":"San Bernardino","state":"California","phone":"909-999-3243"},
{"country":"United States","city":"El Paso","state":"Texas","phone":"915-457-1661"},
{"country":"United States","city":"New Orleans","state":"Louisiana","phone":"504-946-0921"},
{"country":"United States","city":"North Las Vegas","state":"Nevada","phone":"702-528-2260"},
{"country":"United States","city":"Dulles","state":"Virginia","phone":"571-142-2978"},
{"country":"United States","city":"Jamaica","state":"New York","phone":"718-965-9668"},
{"country":"United States","city":"Dallas","state":"Texas","phone":"214-408-8317"},
{"country":"United States","city":"Tampa","state":"Florida","phone":"813-343-6965"},
{"country":"United States","city":"Charlotte","state":"North Carolina","phone":"704-467-5252"},
{"country":"United States","city":"Tacoma","state":"Washington","phone":"253-224-7790"},
{"country":"United States","city":"Dallas","state":"Texas","phone":"469-502-6156"},
{"country":"United States","city":"Scottsdale","state":"Arizona","phone":"480-269-0788"},
{"country":"United States","city":"Providence","state":"Rhode Island","phone":"401-301-3447"},
{"country":"United States","city":"Huntington","state":"West Virginia","phone":"304-791-1604"},
{"country":"United States","city":"Gainesville","state":"Georgia","phone":"404-616-7581"},
{"country":"United States","city":"Albuquerque","state":"New Mexico","phone":"505-415-4212"},
{"country":"United States","city":"Washington","state":"District of Columbia","phone":"202-985-1991"},
{"country":"United States","city":"Phoenix","state":"Arizona","phone":"602-750-5203"},
{"country":"United States","city":"Washington","state":"District of Columbia","phone":"202-745-5316"},
{"country":"United States","city":"Las Vegas","state":"Nevada","phone":"702-257-4147"},
{"country":"United States","city":"Irvine","state":"California","phone":"714-428-6282"},
{"country":"United States","city":"Houston","state":"Texas","phone":"713-944-6710"},
{"country":"United States","city":"Columbia","state":"Missouri","phone":"573-957-2080"},
{"country":"United States","city":"Bryan","state":"Texas","phone":"979-549-9871"},
{"country":"United States","city":"Raleigh","state":"North Carolina","phone":"919-711-7815"},
{"country":"United States","city":"Memphis","state":"Tennessee","phone":"901-548-8002"},
{"country":"United States","city":"Roanoke","state":"Virginia","phone":"540-313-6614"},
{"country":"United States","city":"Columbia","state":"South Carolina","phone":"803-418-0222"},
{"country":"United States","city":"Shawnee Mission","state":"Kansas","phone":"913-269-0984"},
{"country":"United States","city":"Peoria","state":"Illinois","phone":"309-422-2125"},
{"country":"United States","city":"Fort Worth","state":"Texas","phone":"817-862-6347"},
{"country":"United States","city":"Indianapolis","state":"Indiana","phone":"317-843-8942"},
{"country":"United States","city":"San Francisco","state":"California","phone":"415-656-0454"},
{"country":"United States","city":"Los Angeles","state":"California","phone":"213-402-9033"},
{"country":"United States","city":"Yakima","state":"Washington","phone":"509-314-9708"},
{"country":"United States","city":"Sacramento","state":"California","phone":"916-409-9924"},
{"country":"United States","city":"Louisville","state":"Kentucky","phone":"502-270-0852"},
{"country":"United States","city":"Flushing","state":"New York","phone":"917-746-7278"},
{"country":"United States","city":"Peoria","state":"Arizona","phone":"602-772-0244"},
{"country":"United States","city":"Jackson","state":"Mississippi","phone":"601-622-1681"},
{"country":"United States","city":"Oklahoma City","state":"Oklahoma","phone":"405-721-2319"},
{"country":"United States","city":"Charlotte","state":"North Carolina","phone":"704-735-5044"},
{"country":"United States","city":"Round Rock","state":"Texas","phone":"512-303-5086"},
{"country":"United States","city":"Austin","state":"Texas","phone":"512-949-3647"},
{"country":"United States","city":"El Paso","state":"Texas","phone":"915-757-2290"},
{"country":"United States","city":"Fort Worth","state":"Texas","phone":"682-323-3252"},
{"country":"United States","city":"Philadelphia","state":"Pennsylvania","phone":"215-397-2509"},
{"country":"United States","city":"Lynchburg","state":"Virginia","phone":"434-927-0737"},
{"country":"United States","city":"San Jose","state":"California","phone":"650-479-7663"},
{"country":"United States","city":"Topeka","state":"Kansas","phone":"785-299-9473"},
{"country":"United States","city":"Littleton","state":"Colorado","phone":"720-148-7122"},
{"country":"United States","city":"Los Angeles","state":"California","phone":"323-502-0655"},
{"country":"United States","city":"Phoenix","state":"Arizona","phone":"602-757-0878"},
{"country":"United States","city":"Hartford","state":"Connecticut","phone":"860-991-5536"},
{"country":"United States","city":"Honolulu","state":"Hawaii","phone":"808-637-2168"},
{"country":"United States","city":"Colorado Springs","state":"Colorado","phone":"719-887-0732"},
{"country":"United States","city":"Reno","state":"Nevada","phone":"775-981-1238"},
{"country":"United States","city":"Des Moines","state":"Iowa","phone":"515-121-1114"},
{"country":"United States","city":"Dayton","state":"Ohio","phone":"937-582-7971"},
{"country":"United States","city":"Raleigh","state":"North Carolina","phone":"919-220-6251"},
{"country":"United States","city":"Winter Haven","state":"Florida","phone":"863-925-4455"},
{"country":"United States","city":"Miami","state":"Florida","phone":"786-480-3209"},
{"country":"United States","city":"Birmingham","state":"Alabama","phone":"205-453-0705"},
{"country":"United States","city":"Bronx","state":"New York","phone":"917-140-0464"},
{"country":"United States","city":"Bismarck","state":"North Dakota","phone":"701-618-8448"},
{"country":"United States","city":"Philadelphia","state":"Pennsylvania","phone":"610-565-4896"},
{"country":"United States","city":"Honolulu","state":"Hawaii","phone":"808-384-3508"},
{"country":"United States","city":"Amarillo","state":"Texas","phone":"806-688-2408"},
{"country":"United States","city":"Charlotte","state":"North Carolina","phone":"704-629-2412"},
{"country":"United States","city":"Honolulu","state":"Hawaii","phone":"808-157-5810"},
{"country":"United States","city":"Washington","state":"District of Columbia","phone":"202-869-6664"},
{"country":"United States","city":"Fresno","state":"California","phone":"559-616-0767"},
{"country":"United States","city":"Arlington","state":"Virginia","phone":"571-736-0688"},
{"country":"United States","city":"Peoria","state":"Illinois","phone":"309-701-9602"},
{"country":"United States","city":"Hollywood","state":"Florida","phone":"954-690-8075"},
{"country":"United States","city":"Valdosta","state":"Georgia","phone":"229-420-4953"},
{"country":"United States","city":"Stockton","state":"California","phone":"209-438-9318"},
{"country":"United States","city":"Omaha","state":"Nebraska","phone":"402-987-0550"},
{"country":"United States","city":"Columbus","state":"Mississippi","phone":"662-496-4207"},
{"country":"United States","city":"Des Moines","state":"Iowa","phone":"515-785-5638"},
{"country":"United States","city":"Columbia","state":"South Carolina","phone":"803-315-3234"},
{"country":"United States","city":"Dearborn","state":"Michigan","phone":"734-272-8786"},
{"country":"United States","city":"Saint Joseph","state":"Missouri","phone":"816-253-5817"},
{"country":"United States","city":"Washington","state":"District of Columbia","phone":"202-593-9382"},
{"country":"United States","city":"Salt Lake City","state":"Utah","phone":"801-256-1448"},
{"country":"United States","city":"Charleston","state":"West Virginia","phone":"304-457-7733"},
{"country":"United States","city":"San Bernardino","state":"California","phone":"909-936-0973"},
{"country":"United States","city":"Houston","state":"Texas","phone":"713-364-8956"},
{"country":"United States","city":"New Hyde Park","state":"New York","phone":"516-942-3326"},
{"country":"United States","city":"Tallahassee","state":"Florida","phone":"850-598-2030"},
{"country":"United States","city":"Charlottesville","state":"Virginia","phone":"434-227-3246"},
{"country":"United States","city":"Albuquerque","state":"New Mexico","phone":"505-465-2491"},
{"country":"United States","city":"Troy","state":"Michigan","phone":"248-856-9182"},
{"country":"United States","city":"Chicago","state":"Illinois","phone":"312-164-3631"},
{"country":"United States","city":"Oklahoma City","state":"Oklahoma","phone":"405-186-2940"},
{"country":"United States","city":"Akron","state":"Ohio","phone":"330-153-9780"},
{"country":"United States","city":"Henderson","state":"Nevada","phone":"702-408-4601"},
{"country":"United States","city":"Providence","state":"Rhode Island","phone":"401-794-6884"},
{"country":"United States","city":"Missoula","state":"Montana","phone":"406-194-1659"},
{"country":"United States","city":"San Antonio","state":"Texas","phone":"210-427-6087"},
{"country":"United States","city":"New York City","state":"New York","phone":"212-755-1003"},
{"country":"United States","city":"Minneapolis","state":"Minnesota","phone":"763-301-1754"},
{"country":"United States","city":"New York City","state":"New York","phone":"212-802-2580"},
{"country":"United States","city":"Tacoma","state":"Washington","phone":"253-501-4361"},
{"country":"United States","city":"Spring","state":"Texas","phone":"713-454-2328"},
{"country":"United States","city":"Boston","state":"Massachusetts","phone":"617-494-2708"},
{"country":"United States","city":"Oakland","state":"California","phone":"510-432-0637"},
{"country":"United States","city":"Metairie","state":"Louisiana","phone":"504-401-5150"},
{"country":"United States","city":"Bronx","state":"New York","phone":"917-413-0061"},
{"country":"United States","city":"Monroe","state":"Louisiana","phone":"318-813-2543"},
{"country":"United States","city":"Columbia","state":"South Carolina","phone":"803-932-9157"},
{"country":"United States","city":"Tucson","state":"Arizona","phone":"520-290-3559"},
{"country":"United States","city":"Las Vegas","state":"Nevada","phone":"702-518-5678"},
{"country":"United States","city":"Grand Rapids","state":"Michigan","phone":"616-873-5516"},
{"country":"United States","city":"Pompano Beach","state":"Florida","phone":"954-442-6131"},
{"country":"United States","city":"Birmingham","state":"Alabama","phone":"205-374-7456"},
{"country":"United States","city":"Louisville","state":"Kentucky","phone":"502-254-0534"},
{"country":"United States","city":"El Paso","state":"Texas","phone":"915-153-9089"},
{"country":"United States","city":"Newport Beach","state":"California","phone":"949-583-8424"},
{"country":"United States","city":"Virginia Beach","state":"Virginia","phone":"757-343-5231"},
{"country":"United States","city":"Kalamazoo","state":"Michigan","phone":"269-613-0699"},
{"country":"United States","city":"Los Angeles","state":"California","phone":"323-311-7424"},
{"country":"United States","city":"Clearwater","state":"Florida","phone":"727-530-7645"},
{"country":"United States","city":"New Haven","state":"Connecticut","phone":"203-259-9022"},
{"country":"United States","city":"Pensacola","state":"Florida","phone":"850-845-7681"},
{"country":"United States","city":"New York City","state":"New York","phone":"917-517-4672"},
{"country":"United States","city":"San Francisco","state":"California","phone":"415-849-1122"},
{"country":"United States","city":"Orange","state":"California","phone":"714-772-5460"},
{"country":"United States","city":"Oakland","state":"California","phone":"510-271-0232"},
{"country":"United States","city":"New Haven","state":"Connecticut","phone":"203-796-8008"},
{"country":"United States","city":"Pittsburgh","state":"Pennsylvania","phone":"724-951-6372"},
{"country":"United States","city":"Des Moines","state":"Iowa","phone":"515-135-9962"},
{"country":"United States","city":"Dayton","state":"Ohio","phone":"937-242-9188"},
{"country":"United States","city":"Corona","state":"California","phone":"951-320-8647"},
{"country":"United States","city":"Atlanta","state":"Georgia","phone":"678-223-5909"},
{"country":"United States","city":"Fayetteville","state":"North Carolina","phone":"910-978-4882"},
{"country":"United States","city":"Orlando","state":"Florida","phone":"407-439-9756"},
{"country":"United States","city":"Boise","state":"Idaho","phone":"208-638-2810"},
{"country":"United States","city":"Memphis","state":"Tennessee","phone":"901-957-5798"},
{"country":"United States","city":"Albany","state":"New York","phone":"518-803-5076"},
{"country":"United States","city":"Syracuse","state":"New York","phone":"315-300-3417"},
{"country":"United States","city":"North Little Rock","state":"Arkansas","phone":"501-863-7486"},
{"country":"United States","city":"Boston","state":"Massachusetts","phone":"617-629-6780"},
{"country":"United States","city":"Dallas","state":"Texas","phone":"214-516-6896"},
{"country":"United States","city":"Dallas","state":"Texas","phone":"214-441-2145"},
{"country":"United States","city":"Dallas","state":"Texas","phone":"214-573-0175"},
{"country":"United States","city":"Portsmouth","state":"New Hampshire","phone":"603-835-0461"},
{"country":"United States","city":"Brea","state":"California","phone":"818-160-6474"},
{"country":"United States","city":"New York City","state":"New York","phone":"212-149-1043"},
{"country":"United States","city":"Denver","state":"Colorado","phone":"303-696-9094"},
{"country":"United States","city":"Chattanooga","state":"Tennessee","phone":"423-513-5948"},
{"country":"United States","city":"Charleston","state":"West Virginia","phone":"304-158-0365"},
{"country":"United States","city":"Pittsburgh","state":"Pennsylvania","phone":"412-592-5462"},
{"country":"United States","city":"Pittsburgh","state":"Pennsylvania","phone":"412-990-8993"},
{"country":"United States","city":"Peoria","state":"Illinois","phone":"309-208-2561"},
{"country":"United States","city":"Sacramento","state":"California","phone":"916-634-3467"},
{"country":"United States","city":"Dallas","state":"Texas","phone":"214-932-9774"},
{"country":"United States","city":"Las Vegas","state":"Nevada","phone":"702-350-0022"},
{"country":"United States","city":"Biloxi","state":"Mississippi","phone":"228-543-0789"},
{"country":"United States","city":"Pittsburgh","state":"Pennsylvania","phone":"412-602-7686"},
{"country":"United States","city":"Columbia","state":"Missouri","phone":"573-965-0710"},
{"country":"United States","city":"Charleston","state":"South Carolina","phone":"843-374-3769"},
{"country":"United States","city":"Reno","state":"Nevada","phone":"775-362-4840"},
{"country":"United States","city":"Washington","state":"District of Columbia","phone":"202-716-5026"},
{"country":"United States","city":"Charleston","state":"West Virginia","phone":"304-477-8081"},
{"country":"United States","city":"Minneapolis","state":"Minnesota","phone":"612-842-9834"},
{"country":"United States","city":"Huntington","state":"West Virginia","phone":"304-971-4198"},
{"country":"United States","city":"Gadsden","state":"Alabama","phone":"256-850-1036"},
{"country":"United States","city":"Daytona Beach","state":"Florida","phone":"386-736-3701"},
{"country":"United States","city":"Sacramento","state":"California","phone":"916-161-0803"},
{"country":"United States","city":"Syracuse","state":"New York","phone":"315-208-5444"},
{"country":"United States","city":"Seattle","state":"Washington","phone":"206-790-8144"},
{"country":"United States","city":"Pueblo","state":"Colorado","phone":"719-766-1140"},
{"country":"United States","city":"Lancaster","state":"California","phone":"661-585-0969"},
{"country":"United States","city":"Jacksonville","state":"Florida","phone":"904-999-9908"},
{"country":"United States","city":"Aurora","state":"Illinois","phone":"331-503-1418"},
{"country":"United States","city":"New Hyde Park","state":"New York","phone":"516-242-5418"},
{"country":"United States","city":"Apache Junction","state":"Arizona","phone":"480-599-6949"},
{"country":"United States","city":"Fort Pierce","state":"Florida","phone":"772-671-5447"},
{"country":"United States","city":"Columbia","state":"Missouri","phone":"573-509-3714"},
{"country":"United States","city":"Tampa","state":"Florida","phone":"813-324-9343"},
{"country":"United States","city":"Salt Lake City","state":"Utah","phone":"801-161-0353"},
{"country":"United States","city":"Carol Stream","state":"Illinois","phone":"309-467-2475"},
{"country":"United States","city":"Trenton","state":"New Jersey","phone":"609-400-9426"},
{"country":"United States","city":"New York City","state":"New York","phone":"646-612-8928"},
{"country":"United States","city":"Las Vegas","state":"Nevada","phone":"702-306-3321"},
{"country":"United States","city":"Pensacola","state":"Florida","phone":"850-789-3360"},
{"country":"United States","city":"Richmond","state":"Virginia","phone":"804-133-3020"},
{"country":"United States","city":"Davenport","state":"Iowa","phone":"563-364-7770"},
{"country":"United States","city":"Washington","state":"District of Columbia","phone":"202-470-6295"},
{"country":"United States","city":"New Bedford","state":"Massachusetts","phone":"508-191-5282"},
{"country":"United States","city":"Oklahoma City","state":"Oklahoma","phone":"405-904-8104"},
{"country":"United States","city":"Prescott","state":"Arizona","phone":"928-190-8872"},
{"country":"United States","city":"Elmira","state":"New York","phone":"607-746-8565"},
{"country":"United States","city":"Raleigh","state":"North Carolina","phone":"919-439-1132"},
{"country":"United States","city":"Little Rock","state":"Arkansas","phone":"501-974-1844"},
{"country":"United States","city":"Brooklyn","state":"New York","phone":"212-266-0190"},
{"country":"United States","city":"Cleveland","state":"Ohio","phone":"440-459-7638"},
{"country":"United States","city":"Simi Valley","state":"California","phone":"805-496-7416"},
{"country":"United States","city":"Baltimore","state":"Maryland","phone":"410-373-4471"},
{"country":"United States","city":"Washington","state":"District of Columbia","phone":"202-239-7605"},
{"country":"United States","city":"Columbus","state":"Ohio","phone":"513-957-3597"},
{"country":"United States","city":"Schaumburg","state":"Illinois","phone":"224-633-2605"},
{"country":"United States","city":"Houston","state":"Texas","phone":"713-885-2930"},
{"country":"United States","city":"Las Vegas","state":"Nevada","phone":"702-145-0770"},
{"country":"United States","city":"Tallahassee","state":"Florida","phone":"850-235-3826"},
{"country":"United States","city":"Decatur","state":"Georgia","phone":"678-569-5824"},
{"country":"United States","city":"San Francisco","state":"California","phone":"415-215-8372"},
{"country":"United States","city":"Montgomery","state":"Alabama","phone":"334-176-3521"},
{"country":"United States","city":"Hattiesburg","state":"Mississippi","phone":"601-271-3801"},
{"country":"United States","city":"Cape Coral","state":"Florida","phone":"239-215-3756"},
{"country":"United States","city":"Mobile","state":"Alabama","phone":"251-975-3671"},
{"country":"United States","city":"Apache Junction","state":"Arizona","phone":"480-682-7327"},
{"country":"United States","city":"Gadsden","state":"Alabama","phone":"256-416-1782"},
{"country":"United States","city":"Wilmington","state":"Delaware","phone":"302-108-4724"},
{"country":"United States","city":"Erie","state":"Pennsylvania","phone":"814-181-1621"},
{"country":"United States","city":"San Antonio","state":"Texas","phone":"210-232-7711"},
{"country":"United States","city":"Minneapolis","state":"Minnesota","phone":"763-754-7503"},
{"country":"United States","city":"Spring","state":"Texas","phone":"281-533-3495"},
{"country":"United States","city":"San Antonio","state":"Texas","phone":"210-399-5956"},
{"country":"United States","city":"Galveston","state":"Texas","phone":"409-756-5883"},
{"country":"United States","city":"Lexington","state":"Kentucky","phone":"859-361-3459"},
{"country":"United States","city":"Morgantown","state":"West Virginia","phone":"304-887-7785"},
{"country":"United States","city":"Colorado Springs","state":"Colorado","phone":"719-714-5718"},
{"country":"United States","city":"Greensboro","state":"North Carolina","phone":"336-165-8998"},
{"country":"United States","city":"Kingsport","state":"Tennessee","phone":"423-969-1435"},
{"country":"United States","city":"Charlotte","state":"North Carolina","phone":"704-833-7496"},
{"country":"United States","city":"Dearborn","state":"Michigan","phone":"734-313-2904"},
{"country":"United States","city":"Los Angeles","state":"California","phone":"760-510-0637"},
{"country":"United States","city":"Santa Clara","state":"California","phone":"650-584-5472"},
{"country":"United States","city":"Baton Rouge","state":"Louisiana","phone":"225-252-5642"},
{"country":"United States","city":"Newport Beach","state":"California","phone":"714-711-9293"},
{"country":"United States","city":"Richmond","state":"Virginia","phone":"804-400-9061"},
{"country":"United States","city":"Pittsburgh","state":"Pennsylvania","phone":"412-566-6403"},
{"country":"United States","city":"Salinas","state":"California","phone":"831-808-2566"},
{"country":"United States","city":"Lawrenceville","state":"Georgia","phone":"770-616-2151"},
{"country":"United States","city":"Wichita Falls","state":"Texas","phone":"940-684-4944"},
{"country":"United States","city":"Akron","state":"Ohio","phone":"330-712-1877"},
{"country":"United States","city":"Inglewood","state":"California","phone":"310-523-0884"},
{"country":"United States","city":"Boca Raton","state":"Florida","phone":"561-281-7552"},
{"country":"United States","city":"Riverside","state":"California","phone":"951-275-6013"},
{"country":"United States","city":"Kansas City","state":"Missouri","phone":"816-147-0436"},
{"country":"United States","city":"Abilene","state":"Texas","phone":"325-322-7319"},
{"country":"United States","city":"Brooklyn","state":"New York","phone":"718-976-7604"},
{"country":"United States","city":"Sacramento","state":"California","phone":"916-599-5537"},
{"country":"United States","city":"Washington","state":"District of Columbia","phone":"202-324-5688"},
{"country":"United States","city":"Syracuse","state":"New York","phone":"315-245-6558"},
{"country":"United States","city":"Asheville","state":"North Carolina","phone":"828-921-6140"},
{"country":"United States","city":"Dayton","state":"Ohio","phone":"937-240-7302"},
{"country":"United States","city":"Santa Ana","state":"California","phone":"714-279-7508"},
{"country":"United States","city":"Kansas City","state":"Missouri","phone":"816-583-5359"},
{"country":"United States","city":"Dayton","state":"Ohio","phone":"937-803-4757"},
{"country":"United States","city":"Winter Haven","state":"Florida","phone":"863-290-0839"},
{"country":"United States","city":"Fayetteville","state":"North Carolina","phone":"910-508-8243"},
{"country":"United States","city":"Pomona","state":"California","phone":"909-678-4247"},
{"country":"United States","city":"Richmond","state":"Virginia","phone":"804-583-0288"},
{"country":"United States","city":"Huntington","state":"West Virginia","phone":"304-949-5387"},
{"country":"United States","city":"Lancaster","state":"Pennsylvania","phone":"717-258-1411"},
{"country":"United States","city":"Bridgeport","state":"Connecticut","phone":"203-119-9537"},
{"country":"United States","city":"Denver","state":"Colorado","phone":"303-575-7063"},
{"country":"United States","city":"Albany","state":"New York","phone":"518-798-9574"},
{"country":"United States","city":"Harrisburg","state":"Pennsylvania","phone":"717-544-0875"},
{"country":"United States","city":"Oklahoma City","state":"Oklahoma","phone":"405-700-0152"},
{"country":"United States","city":"Rochester","state":"New York","phone":"585-979-6988"},
{"country":"United States","city":"Philadelphia","state":"Pennsylvania","phone":"215-340-8465"},
{"country":"United States","city":"Newport News","state":"Virginia","phone":"757-228-3050"},
{"country":"United States","city":"Anchorage","state":"Alaska","phone":"907-202-1837"},
{"country":"United States","city":"Cape Coral","state":"Florida","phone":"239-877-1012"},
{"country":"United States","city":"Saint Petersburg","state":"Florida","phone":"727-742-1993"},
{"country":"United States","city":"Atlanta","state":"Georgia","phone":"770-529-0129"},
{"country":"United States","city":"Prescott","state":"Arizona","phone":"520-835-3283"},
{"country":"United States","city":"Peoria","state":"Illinois","phone":"309-916-3619"},
{"country":"United States","city":"Garland","state":"Texas","phone":"214-930-3893"},
{"country":"United States","city":"Clearwater","state":"Florida","phone":"727-435-7683"},
{"country":"United States","city":"Houston","state":"Texas","phone":"281-892-4867"},
{"country":"United States","city":"Sacramento","state":"California","phone":"916-893-5885"},
{"country":"United States","city":"Farmington","state":"Michigan","phone":"248-402-9448"},
{"country":"United States","city":"Albany","state":"Georgia","phone":"229-963-7486"},
{"country":"United States","city":"Wichita","state":"Kansas","phone":"316-252-7421"},
{"country":"United States","city":"Fort Lauderdale","state":"Florida","phone":"954-207-0507"},
{"country":"United States","city":"Wilmington","state":"Delaware","phone":"302-701-5900"},
{"country":"United States","city":"Young America","state":"Minnesota","phone":"952-351-1037"},
{"country":"United States","city":"Arlington","state":"Texas","phone":"817-626-9521"},
{"country":"United States","city":"Winston Salem","state":"North Carolina","phone":"336-636-3523"},
{"country":"United States","city":"Tulsa","state":"Oklahoma","phone":"918-779-6028"},
{"country":"United States","city":"Atlanta","state":"Georgia","phone":"404-957-5473"},
{"country":"United States","city":"Reston","state":"Virginia","phone":"571-419-0020"},
{"country":"United States","city":"San Bernardino","state":"California","phone":"951-514-4684"},
{"country":"United States","city":"San Rafael","state":"California","phone":"415-228-4083"},
{"country":"United States","city":"Atlanta","state":"Georgia","phone":"404-685-0149"},
{"country":"United States","city":"Dayton","state":"Ohio","phone":"937-775-4580"},
{"country":"United States","city":"Hampton","state":"Virginia","phone":"757-791-8889"},
{"country":"United States","city":"Houston","state":"Texas","phone":"713-120-7812"},
{"country":"United States","city":"Dallas","state":"Texas","phone":"214-834-6141"},
{"country":"United States","city":"Reno","state":"Nevada","phone":"775-427-5820"},
{"country":"United States","city":"Des Moines","state":"Iowa","phone":"515-502-8764"},
{"country":"United States","city":"Houston","state":"Texas","phone":"713-460-3147"},
{"country":"United States","city":"Washington","state":"District of Columbia","phone":"202-511-3286"},
{"country":"United States","city":"Helena","state":"Montana","phone":"406-706-4980"},
{"country":"United States","city":"West Palm Beach","state":"Florida","phone":"561-832-2024"},
{"country":"United States","city":"Cincinnati","state":"Ohio","phone":"513-811-0189"},
{"country":"United States","city":"San Antonio","state":"Texas","phone":"210-254-9811"},
{"country":"United States","city":"Sioux Falls","state":"South Dakota","phone":"605-210-0873"},
{"country":"United States","city":"Las Vegas","state":"Nevada","phone":"702-262-0181"},
{"country":"United States","city":"Albany","state":"New York","phone":"518-380-5278"},
{"country":"United States","city":"Glendale","state":"Arizona","phone":"602-723-6933"},
{"country":"United States","city":"Sioux City","state":"Iowa","phone":"712-186-4575"},
{"country":"United States","city":"Los Angeles","state":"California","phone":"323-272-1004"},
{"country":"United States","city":"Washington","state":"District of Columbia","phone":"202-457-8956"},
{"country":"United States","city":"Saint Paul","state":"Minnesota","phone":"651-952-9643"},
{"country":"United States","city":"Minneapolis","state":"Minnesota","phone":"612-531-7483"},
{"country":"United States","city":"Fort Worth","state":"Texas","phone":"682-281-3587"},
{"country":"United States","city":"Sterling","state":"Virginia","phone":"571-996-6908"},
{"country":"United States","city":"Bellevue","state":"Washington","phone":"206-991-4109"},
{"country":"United States","city":"Little Rock","state":"Arkansas","phone":"501-413-1516"},
{"country":"United States","city":"Washington","state":"District of Columbia","phone":"202-450-4424"},
{"country":"United States","city":"Schenectady","state":"New York","phone":"518-236-5921"},
{"country":"United States","city":"Washington","state":"District of Columbia","phone":"202-324-3172"},
{"country":"United States","city":"Chicago","state":"Illinois","phone":"312-411-5177"},
{"country":"United States","city":"Fresno","state":"California","phone":"559-632-7479"},
{"country":"United States","city":"Huntington","state":"West Virginia","phone":"304-894-2510"},
{"country":"United States","city":"Philadelphia","state":"Pennsylvania","phone":"215-222-5299"},
{"country":"United States","city":"Dallas","state":"Texas","phone":"469-222-8054"},
{"country":"United States","city":"Waco","state":"Texas","phone":"254-221-7695"},
{"country":"United States","city":"Fort Lauderdale","state":"Florida","phone":"754-390-8026"},
{"country":"United States","city":"Fort Lauderdale","state":"Florida","phone":"754-614-2518"},
{"country":"United States","city":"Bronx","state":"New York","phone":"718-820-0403"},
{"country":"United States","city":"Jackson","state":"Mississippi","phone":"601-988-3347"},
{"country":"United States","city":"Bloomington","state":"Illinois","phone":"309-824-1809"},
{"country":"United States","city":"Memphis","state":"Tennessee","phone":"615-178-6676"},
{"country":"United States","city":"Delray Beach","state":"Florida","phone":"561-190-3807"},
{"country":"United States","city":"Los Angeles","state":"California","phone":"562-298-8016"},
{"country":"United States","city":"Washington","state":"District of Columbia","phone":"202-358-0744"},
{"country":"United States","city":"Jacksonville","state":"Florida","phone":"904-855-1421"},
{"country":"United States","city":"Newark","state":"New Jersey","phone":"862-555-2372"},
{"country":"United States","city":"El Paso","state":"Texas","phone":"915-419-7354"},
{"country":"United States","city":"South Bend","state":"Indiana","phone":"574-556-4908"},
{"country":"United States","city":"Fort Wayne","state":"Indiana","phone":"260-946-6236"},
{"country":"United States","city":"Fort Lauderdale","state":"Florida","phone":"754-975-7910"},
{"country":"United States","city":"Frankfort","state":"Kentucky","phone":"502-307-1055"},
{"country":"United States","city":"Pasadena","state":"California","phone":"626-394-2928"},
{"country":"United States","city":"New York City","state":"New York","phone":"212-553-6840"},
{"country":"United States","city":"Orlando","state":"Florida","phone":"407-188-9783"},
{"country":"United States","city":"Washington","state":"District of Columbia","phone":"202-428-7247"},
{"country":"United States","city":"Woburn","state":"Massachusetts","phone":"339-205-5569"},
{"country":"United States","city":"Nashville","state":"Tennessee","phone":"615-660-7510"},
{"country":"United States","city":"Decatur","state":"Georgia","phone":"770-507-8201"},
{"country":"United States","city":"Tucson","state":"Arizona","phone":"520-525-1051"},
{"country":"United States","city":"New York City","state":"New York","phone":"212-412-9835"},
{"country":"United States","city":"New Orleans","state":"Louisiana","phone":"504-990-9514"},
{"country":"United States","city":"Louisville","state":"Kentucky","phone":"502-178-3683"},
{"country":"United States","city":"Dallas","state":"Texas","phone":"469-924-9852"},
{"country":"United States","city":"Washington","state":"District of Columbia","phone":"202-548-1529"},
{"country":"United States","city":"Richmond","state":"Virginia","phone":"804-413-0091"},
{"country":"United States","city":"Wichita","state":"Kansas","phone":"316-436-1456"},
{"country":"United States","city":"Milwaukee","state":"Wisconsin","phone":"414-593-6356"},
{"country":"United States","city":"Rochester","state":"New York","phone":"585-778-5899"},
{"country":"United States","city":"Billings","state":"Montana","phone":"406-293-1658"},
{"country":"United States","city":"Jamaica","state":"New York","phone":"917-512-3434"},
{"country":"United States","city":"Omaha","state":"Nebraska","phone":"402-328-1983"},
{"country":"United States","city":"Dallas","state":"Texas","phone":"469-636-6505"},
{"country":"United States","city":"Buffalo","state":"New York","phone":"716-670-8553"},
{"country":"United States","city":"Salem","state":"Oregon","phone":"971-147-6815"},
{"country":"United States","city":"Joliet","state":"Illinois","phone":"815-431-7896"},
{"country":"United States","city":"Baton Rouge","state":"Louisiana","phone":"225-423-7831"},
{"country":"United States","city":"El Paso","state":"Texas","phone":"915-673-6791"},
{"country":"United States","city":"Milwaukee","state":"Wisconsin","phone":"414-865-8798"},
{"country":"United States","city":"Raleigh","state":"North Carolina","phone":"919-512-6405"},
{"country":"United States","city":"Spartanburg","state":"South Carolina","phone":"864-134-0598"},
{"country":"United States","city":"Orlando","state":"Florida","phone":"407-890-5131"},
{"country":"United States","city":"Waterbury","state":"Connecticut","phone":"203-677-5256"},
{"country":"United States","city":"San Jose","state":"California","phone":"408-256-0920"},
{"country":"United States","city":"Oklahoma City","state":"Oklahoma","phone":"405-576-6487"},
{"country":"United States","city":"Houston","state":"Texas","phone":"713-183-0493"},
{"country":"United States","city":"Honolulu","state":"Hawaii","phone":"808-882-0919"},
{"country":"United States","city":"New York City","state":"New York","phone":"212-163-6363"},
{"country":"United States","city":"Fresno","state":"California","phone":"559-469-0027"},
{"country":"United States","city":"San Jose","state":"California","phone":"408-807-9468"},
{"country":"United States","city":"Corona","state":"California","phone":"951-594-6936"},
{"country":"United States","city":"Chicago","state":"Illinois","phone":"312-325-7000"},
{"country":"United States","city":"New York City","state":"New York","phone":"212-230-7956"},
{"country":"United States","city":"Lansing","state":"Michigan","phone":"517-816-0508"},
{"country":"United States","city":"Milwaukee","state":"Wisconsin","phone":"414-139-5613"},
{"country":"United States","city":"Jacksonville","state":"Florida","phone":"904-813-7931"},
{"country":"United States","city":"Decatur","state":"Georgia","phone":"404-990-2266"},
{"country":"United States","city":"Bronx","state":"New York","phone":"718-537-0672"},
{"country":"United States","city":"Monticello","state":"Minnesota","phone":"763-556-7529"},
{"country":"United States","city":"Hartford","state":"Connecticut","phone":"860-918-3261"},
{"country":"United States","city":"Little Rock","state":"Arkansas","phone":"501-199-1256"},
{"country":"United States","city":"Fort Myers","state":"Florida","phone":"239-424-0787"},
{"country":"United States","city":"Saint Petersburg","state":"Florida","phone":"727-509-4395"},
{"country":"United States","city":"Raleigh","state":"North Carolina","phone":"919-729-2173"},
{"country":"United States","city":"Saginaw","state":"Michigan","phone":"989-161-4233"},
{"country":"United States","city":"Milwaukee","state":"Wisconsin","phone":"414-787-5947"},
{"country":"United States","city":"San Diego","state":"California","phone":"619-719-5047"},
{"country":"United States","city":"Clearwater","state":"Florida","phone":"727-330-2601"},
{"country":"United States","city":"Brooklyn","state":"New York","phone":"718-461-9759"},
{"country":"United States","city":"Cincinnati","state":"Ohio","phone":"513-188-3277"},
{"country":"United States","city":"Nashville","state":"Tennessee","phone":"615-972-6029"},
{"country":"United States","city":"Washington","state":"District of Columbia","phone":"202-600-5145"},
{"country":"United States","city":"Los Angeles","state":"California","phone":"213-710-4667"},
{"country":"United States","city":"Peoria","state":"Illinois","phone":"309-128-0906"},
{"country":"United States","city":"Oklahoma City","state":"Oklahoma","phone":"405-578-8416"},
{"country":"United States","city":"Dallas","state":"Texas","phone":"214-418-1822"},
{"country":"United States","city":"Albany","state":"New York","phone":"518-374-0110"},
{"country":"United States","city":"San Bernardino","state":"California","phone":"760-202-1312"},
{"country":"United States","city":"Memphis","state":"Tennessee","phone":"901-795-7023"},
{"country":"United States","city":"Palmdale","state":"California","phone":"661-544-0282"},
{"country":"United States","city":"Murfreesboro","state":"Tennessee","phone":"615-108-8409"},
{"country":"United States","city":"Saint Paul","state":"Minnesota","phone":"651-591-4977"},
{"country":"United States","city":"Stockton","state":"California","phone":"209-548-2110"},
{"country":"United States","city":"Fort Lauderdale","state":"Florida","phone":"754-529-5624"},
{"country":"United States","city":"Richmond","state":"Virginia","phone":"804-507-7081"},
{"country":"United States","city":"San Francisco","state":"California","phone":"415-332-7364"},
{"country":"United States","city":"Columbia","state":"South Carolina","phone":"803-205-5086"},
{"country":"United States","city":"San Jose","state":"California","phone":"408-965-9277"},
{"country":"United States","city":"Chula Vista","state":"California","phone":"619-622-4243"},
{"country":"United States","city":"Santa Monica","state":"California","phone":"818-314-0747"},
{"country":"United States","city":"Lubbock","state":"Texas","phone":"806-743-7474"},
{"country":"United States","city":"Washington","state":"District of Columbia","phone":"202-137-1303"},
{"country":"United States","city":"Metairie","state":"Louisiana","phone":"504-973-8957"},
{"country":"United States","city":"Roanoke","state":"Virginia","phone":"540-523-0096"},
{"country":"United States","city":"Reading","state":"Pennsylvania","phone":"484-528-2228"},
{"country":"United States","city":"Dallas","state":"Texas","phone":"214-417-2337"},
{"country":"United States","city":"Dallas","state":"Texas","phone":"972-622-8565"},
{"country":"United States","city":"Brooklyn","state":"New York","phone":"718-861-8755"},
{"country":"United States","city":"Fort Myers","state":"Florida","phone":"239-471-0666"},
{"country":"United States","city":"Topeka","state":"Kansas","phone":"785-123-9194"},
{"country":"United States","city":"New Orleans","state":"Louisiana","phone":"504-159-0522"},
{"country":"United States","city":"Philadelphia","state":"Pennsylvania","phone":"215-958-1808"},
{"country":"United States","city":"Washington","state":"District of Columbia","phone":"202-190-1116"},
{"country":"United States","city":"Saint Louis","state":"Missouri","phone":"314-231-7471"},
{"country":"United States","city":"Amarillo","state":"Texas","phone":"806-955-3328"},
{"country":"United States","city":"Portland","state":"Maine","phone":"207-652-4208"},
{"country":"United States","city":"Denver","state":"Colorado","phone":"303-318-8845"},
{"country":"United States","city":"Portsmouth","state":"New Hampshire","phone":"603-268-3128"},
{"country":"United States","city":"Los Angeles","state":"California","phone":"323-566-4679"},
{"country":"United States","city":"Pompano Beach","state":"Florida","phone":"754-508-9725"},
{"country":"United States","city":"Boise","state":"Idaho","phone":"208-913-1190"},
{"country":"United States","city":"Montpelier","state":"Vermont","phone":"802-959-9450"},
{"country":"United States","city":"Colorado Springs","state":"Colorado","phone":"719-828-5209"},
{"country":"United States","city":"Clearwater","state":"Florida","phone":"727-144-5774"},
{"country":"United States","city":"Richmond","state":"Virginia","phone":"804-363-6422"},
{"country":"United States","city":"Sacramento","state":"California","phone":"916-392-2291"},
{"country":"United States","city":"Lansing","state":"Michigan","phone":"517-319-1206"},
{"country":"United States","city":"Mesa","state":"Arizona","phone":"480-496-2627"},
{"country":"United States","city":"Camden","state":"New Jersey","phone":"856-700-7730"},
{"country":"United States","city":"Chicago","state":"Illinois","phone":"312-970-7531"},
{"country":"United States","city":"Richmond","state":"Virginia","phone":"804-625-9385"},
{"country":"United States","city":"El Paso","state":"Texas","phone":"915-847-0386"},
{"country":"United States","city":"New York City","state":"New York","phone":"347-496-9391"},
{"country":"United States","city":"Salt Lake City","state":"Utah","phone":"801-324-5013"},
{"country":"United States","city":"Las Vegas","state":"Nevada","phone":"702-820-6674"},
{"country":"United States","city":"Portland","state":"Oregon","phone":"971-346-7606"},
{"country":"United States","city":"El Paso","state":"Texas","phone":"915-738-2901"},
{"country":"United States","city":"Jersey City","state":"New Jersey","phone":"201-419-7427"},
{"country":"United States","city":"Albuquerque","state":"New Mexico","phone":"505-731-9946"},
{"country":"United States","city":"Huntington","state":"West Virginia","phone":"304-472-3094"},
{"country":"United States","city":"Cleveland","state":"Ohio","phone":"216-340-2408"},
{"country":"United States","city":"Rochester","state":"Minnesota","phone":"507-377-3035"},
{"country":"United States","city":"El Paso","state":"Texas","phone":"915-772-4634"},
{"country":"United States","city":"Omaha","state":"Nebraska","phone":"402-360-3015"},
{"country":"United States","city":"Palm Bay","state":"Florida","phone":"561-166-8679"},
{"country":"United States","city":"Alexandria","state":"Louisiana","phone":"318-426-3701"},
{"country":"United States","city":"Asheville","state":"North Carolina","phone":"828-747-7559"},
{"country":"United States","city":"Oakland","state":"California","phone":"510-345-1565"},
{"country":"United States","city":"Richmond","state":"Virginia","phone":"804-302-1908"},
{"country":"United States","city":"Sarasota","state":"Florida","phone":"941-751-4216"},
{"country":"United States","city":"Lafayette","state":"Indiana","phone":"765-823-2761"},
{"country":"United States","city":"Hampton","state":"Virginia","phone":"757-316-7856"},
{"country":"United States","city":"Conroe","state":"Texas","phone":"936-859-8556"},
{"country":"United States","city":"Portland","state":"Oregon","phone":"503-929-3712"},
{"country":"United States","city":"Washington","state":"District of Columbia","phone":"202-992-1666"},
{"country":"United States","city":"Buffalo","state":"New York","phone":"716-826-5414"},
{"country":"United States","city":"Springfield","state":"Illinois","phone":"217-964-5735"},
{"country":"United States","city":"Baltimore","state":"Maryland","phone":"443-146-5697"},
{"country":"United States","city":"San Bernardino","state":"California","phone":"909-327-5926"},
{"country":"United States","city":"Rochester","state":"New York","phone":"585-622-6040"},
{"country":"United States","city":"Canton","state":"Ohio","phone":"330-370-0281"},
{"country":"United States","city":"Greensboro","state":"North Carolina","phone":"336-219-6843"},
{"country":"United States","city":"Chicago","state":"Illinois","phone":"773-307-0498"},
{"country":"United States","city":"El Paso","state":"Texas","phone":"915-399-8175"},
{"country":"United States","city":"Austin","state":"Texas","phone":"512-174-1166"},
{"country":"United States","city":"Dallas","state":"Texas","phone":"214-105-1634"},
{"country":"United States","city":"Denver","state":"Colorado","phone":"303-727-1152"},
{"country":"United States","city":"South Bend","state":"Indiana","phone":"574-842-3082"},
{"country":"United States","city":"Albany","state":"New York","phone":"518-702-2070"},
{"country":"United States","city":"Austin","state":"Texas","phone":"512-629-7085"},
{"country":"United States","city":"Springfield","state":"Illinois","phone":"217-866-2228"},
{"country":"United States","city":"Columbia","state":"South Carolina","phone":"803-276-7500"},
{"country":"United States","city":"Mobile","state":"Alabama","phone":"251-675-4402"},
{"country":"United States","city":"San Diego","state":"California","phone":"619-759-0064"},
{"country":"United States","city":"Redwood City","state":"California","phone":"650-882-2552"},
{"country":"United States","city":"Washington","state":"District of Columbia","phone":"202-810-9301"},
{"country":"United States","city":"Utica","state":"New York","phone":"315-831-3416"},
{"country":"United States","city":"Largo","state":"Florida","phone":"727-401-0172"},
{"country":"United States","city":"Hot Springs National Park","state":"Arkansas","phone":"501-104-0203"},
{"country":"United States","city":"Springfield","state":"Illinois","phone":"217-659-1734"},
{"country":"United States","city":"Wichita","state":"Kansas","phone":"316-585-0090"},
{"country":"United States","city":"Tacoma","state":"Washington","phone":"253-644-3305"},
{"country":"United States","city":"Atlanta","state":"Georgia","phone":"678-732-4385"},
{"country":"United States","city":"Wilmington","state":"North Carolina","phone":"910-389-8910"},
{"country":"United States","city":"Saint Petersburg","state":"Florida","phone":"727-325-0403"},
{"country":"United States","city":"Albuquerque","state":"New Mexico","phone":"505-446-1936"},
{"country":"United States","city":"Round Rock","state":"Texas","phone":"512-743-3974"},
{"country":"United States","city":"Los Angeles","state":"California","phone":"323-695-2439"},
{"country":"United States","city":"Dallas","state":"Texas","phone":"214-731-0590"},
{"country":"United States","city":"Tucson","state":"Arizona","phone":"520-910-9316"},
{"country":"United States","city":"Saint Joseph","state":"Missouri","phone":"816-512-0602"},
{"country":"United States","city":"Decatur","state":"Illinois","phone":"217-420-3565"},
{"country":"United States","city":"Lubbock","state":"Texas","phone":"806-634-0992"},
{"country":"United States","city":"Savannah","state":"Georgia","phone":"912-916-2414"},
{"country":"United States","city":"Saint Louis","state":"Missouri","phone":"314-130-4399"},
{"country":"United States","city":"Kansas City","state":"Missouri","phone":"816-958-8189"},
{"country":"United States","city":"Los Angeles","state":"California","phone":"213-292-5558"},
{"country":"United States","city":"Aiken","state":"South Carolina","phone":"803-415-9529"},
{"country":"United States","city":"San Antonio","state":"Texas","phone":"210-376-0000"},
{"country":"United States","city":"Charlotte","state":"North Carolina","phone":"704-417-2816"},
{"country":"United States","city":"Bakersfield","state":"California","phone":"661-711-0310"},
{"country":"United States","city":"Pompano Beach","state":"Florida","phone":"754-810-3810"},
{"country":"United States","city":"Charleston","state":"West Virginia","phone":"304-697-5483"},
{"country":"United States","city":"Midland","state":"Texas","phone":"432-997-1716"},
{"country":"United States","city":"Nashville","state":"Tennessee","phone":"615-168-9840"},
{"country":"United States","city":"Hicksville","state":"New York","phone":"516-292-8425"},
{"country":"United States","city":"Arlington","state":"Texas","phone":"817-325-9255"},
{"country":"United States","city":"Memphis","state":"Tennessee","phone":"901-860-1685"},
{"country":"United States","city":"Dallas","state":"Texas","phone":"214-139-7261"},
{"country":"United States","city":"Bonita Springs","state":"Florida","phone":"941-198-1096"},
{"country":"United States","city":"Orlando","state":"Florida","phone":"407-166-9632"},
{"country":"United States","city":"Aurora","state":"Illinois","phone":"312-474-9254"},
{"country":"United States","city":"Phoenix","state":"Arizona","phone":"602-647-0459"},
{"country":"United States","city":"Pompano Beach","state":"Florida","phone":"561-887-5734"},
{"country":"United States","city":"Philadelphia","state":"Pennsylvania","phone":"215-709-3944"},
{"country":"United States","city":"Manchester","state":"New Hampshire","phone":"603-225-9514"},
{"country":"United States","city":"Louisville","state":"Kentucky","phone":"502-581-0607"},
{"country":"United States","city":"Springfield","state":"Illinois","phone":"217-910-7896"},
{"country":"United States","city":"Arlington","state":"Virginia","phone":"571-314-6048"},
{"country":"United States","city":"Atlanta","state":"Georgia","phone":"404-301-6913"},
{"country":"United States","city":"Sioux Falls","state":"South Dakota","phone":"605-931-1025"},
{"country":"United States","city":"Spring","state":"Texas","phone":"281-435-1563"},
{"country":"United States","city":"Honolulu","state":"Hawaii","phone":"808-535-6170"},
{"country":"United States","city":"Phoenix","state":"Arizona","phone":"602-987-6956"},
{"country":"United States","city":"Colorado Springs","state":"Colorado","phone":"719-175-8506"},
{"country":"United States","city":"Tacoma","state":"Washington","phone":"253-598-0559"},
{"country":"United States","city":"Philadelphia","state":"Pennsylvania","phone":"215-806-5673"},
{"country":"United States","city":"Detroit","state":"Michigan","phone":"313-398-7236"},
{"country":"United States","city":"Albany","state":"New York","phone":"518-764-7214"},
{"country":"United States","city":"Miami","state":"Florida","phone":"305-461-1262"},
{"country":"United States","city":"Charlotte","state":"North Carolina","phone":"704-866-7850"},
{"country":"United States","city":"Portland","state":"Oregon","phone":"503-606-8121"},
{"country":"United States","city":"New Orleans","state":"Louisiana","phone":"504-675-8810"},
{"country":"United States","city":"Minneapolis","state":"Minnesota","phone":"612-219-4745"},
{"country":"United States","city":"Danbury","state":"Connecticut","phone":"203-701-7841"},
{"country":"United States","city":"Lancaster","state":"California","phone":"661-867-1456"},
{"country":"United States","city":"Saint Augustine","state":"Florida","phone":"904-896-2135"},
{"country":"United States","city":"Albany","state":"New York","phone":"518-529-2380"},
{"country":"United States","city":"Santa Cruz","state":"California","phone":"831-419-0534"},
{"country":"United States","city":"Tucson","state":"Arizona","phone":"520-364-2832"},
{"country":"United States","city":"Houston","state":"Texas","phone":"713-732-4023"},
{"country":"United States","city":"Atlanta","state":"Georgia","phone":"770-966-0515"},
{"country":"United States","city":"Daytona Beach","state":"Florida","phone":"386-415-0806"},
{"country":"United States","city":"Daytona Beach","state":"Florida","phone":"386-370-9611"},
{"country":"United States","city":"East Saint Louis","state":"Illinois","phone":"618-397-7094"},
{"country":"United States","city":"Manchester","state":"New Hampshire","phone":"603-301-4494"},
{"country":"United States","city":"San Luis Obispo","state":"California","phone":"805-446-0038"},
{"country":"United States","city":"Kansas City","state":"Missouri","phone":"816-129-0157"},
{"country":"United States","city":"Houston","state":"Texas","phone":"281-947-1852"},
{"country":"United States","city":"Jamaica","state":"New York","phone":"516-833-3185"},
{"country":"United States","city":"Fairbanks","state":"Alaska","phone":"907-686-6322"},
{"country":"United States","city":"Columbia","state":"South Carolina","phone":"803-842-5395"},
{"country":"United States","city":"Waterbury","state":"Connecticut","phone":"203-511-4889"},
{"country":"United States","city":"Chicago","state":"Illinois","phone":"312-680-8371"},
{"country":"United States","city":"Minneapolis","state":"Minnesota","phone":"763-530-0037"},
{"country":"United States","city":"Milwaukee","state":"Wisconsin","phone":"262-672-8790"},
{"country":"United States","city":"Atlanta","state":"Georgia","phone":"678-387-6372"},
{"country":"United States","city":"Oklahoma City","state":"Oklahoma","phone":"405-178-4064"},
{"country":"United States","city":"Portland","state":"Oregon","phone":"503-502-5535"},
{"country":"United States","city":"Seattle","state":"Washington","phone":"206-140-6209"},
{"country":"United States","city":"Largo","state":"Florida","phone":"727-620-4388"},
{"country":"United States","city":"Montgomery","state":"Alabama","phone":"334-482-0793"},
{"country":"United States","city":"Saint Louis","state":"Missouri","phone":"314-525-8487"},
{"country":"United States","city":"Amarillo","state":"Texas","phone":"806-650-5711"},
{"country":"United States","city":"Lehigh Acres","state":"Florida","phone":"863-899-8101"},
{"country":"United States","city":"Zephyrhills","state":"Florida","phone":"813-327-6613"},
{"country":"United States","city":"Fresno","state":"California","phone":"559-456-8889"},
{"country":"United States","city":"Pasadena","state":"California","phone":"626-281-1582"},
{"country":"United States","city":"Houston","state":"Texas","phone":"832-217-2084"},
{"country":"United States","city":"Saint Paul","state":"Minnesota","phone":"952-712-3423"},
{"country":"United States","city":"Newark","state":"Delaware","phone":"302-312-6798"},
{"country":"United States","city":"Fort Lauderdale","state":"Florida","phone":"754-595-6974"},
{"country":"United States","city":"Greensboro","state":"North Carolina","phone":"336-305-3908"},
{"country":"United States","city":"Huntsville","state":"Alabama","phone":"256-592-6466"},
{"country":"United States","city":"Erie","state":"Pennsylvania","phone":"814-829-3735"},
{"country":"United States","city":"Duluth","state":"Georgia","phone":"404-855-6389"},
{"country":"United States","city":"Nashville","state":"Tennessee","phone":"615-821-7425"},
{"country":"United States","city":"Elizabeth","state":"New Jersey","phone":"908-436-5811"},
{"country":"United States","city":"Nashville","state":"Tennessee","phone":"615-142-9951"},
{"country":"United States","city":"Dallas","state":"Texas","phone":"469-780-1202"},
{"country":"United States","city":"Tacoma","state":"Washington","phone":"253-377-2624"},
{"country":"United States","city":"El Paso","state":"Texas","phone":"915-250-1983"},
{"country":"United States","city":"San Bernardino","state":"California","phone":"909-384-8897"},
{"country":"United States","city":"Toledo","state":"Ohio","phone":"419-387-6287"},
{"country":"United States","city":"Missoula","state":"Montana","phone":"406-340-9709"},
{"country":"United States","city":"Chattanooga","state":"Tennessee","phone":"423-509-9725"},
{"country":"United States","city":"Colorado Springs","state":"Colorado","phone":"719-945-2643"},
{"country":"United States","city":"Sunnyvale","state":"California","phone":"408-409-7694"},
{"country":"United States","city":"Memphis","state":"Tennessee","phone":"901-146-8862"},
{"country":"United States","city":"South Bend","state":"Indiana","phone":"574-263-5618"},
{"country":"United States","city":"Washington","state":"District of Columbia","phone":"202-362-6696"},
{"country":"United States","city":"Oklahoma City","state":"Oklahoma","phone":"405-461-9392"},
{"country":"United States","city":"Whittier","state":"California","phone":"562-395-7633"},
{"country":"United States","city":"San Francisco","state":"California","phone":"415-206-4089"},
{"country":"United States","city":"Arlington","state":"Texas","phone":"817-135-7514"},
{"country":"United States","city":"Philadelphia","state":"Pennsylvania","phone":"215-779-1035"},
{"country":"United States","city":"Columbus","state":"Georgia","phone":"706-902-7403"},
{"country":"United States","city":"Waterbury","state":"Connecticut","phone":"203-185-3725"},
{"country":"United States","city":"Las Vegas","state":"Nevada","phone":"702-452-6284"},
{"country":"United States","city":"Oakland","state":"California","phone":"510-359-5840"},
{"country":"United States","city":"Nashville","state":"Tennessee","phone":"615-347-2889"},
{"country":"United States","city":"Metairie","state":"Louisiana","phone":"504-109-8356"},
{"country":"United States","city":"Memphis","state":"Tennessee","phone":"901-688-0373"},
{"country":"United States","city":"Washington","state":"District of Columbia","phone":"202-656-5813"},
{"country":"United States","city":"Battle Creek","state":"Michigan","phone":"269-760-3457"},
{"country":"United States","city":"Aiken","state":"South Carolina","phone":"803-481-6008"},
{"country":"United States","city":"Boston","state":"Massachusetts","phone":"339-119-4199"},
{"country":"United States","city":"Louisville","state":"Kentucky","phone":"502-339-7558"},
{"country":"United States","city":"Waterbury","state":"Connecticut","phone":"203-489-5862"},
{"country":"United States","city":"Dayton","state":"Ohio","phone":"937-158-8526"},
{"country":"United States","city":"Odessa","state":"Texas","phone":"432-254-4903"},
{"country":"United States","city":"Orlando","state":"Florida","phone":"407-432-6488"},
{"country":"United States","city":"El Paso","state":"Texas","phone":"915-119-0565"},
{"country":"United States","city":"El Paso","state":"Texas","phone":"915-189-7658"},
{"country":"United States","city":"Topeka","state":"Kansas","phone":"785-753-9227"},
{"country":"United States","city":"Spring","state":"Texas","phone":"713-563-0677"},
{"country":"United States","city":"El Paso","state":"Texas","phone":"915-942-3169"},
{"country":"United States","city":"Fort Collins","state":"Colorado","phone":"970-561-6598"},
{"country":"United States","city":"Saint Paul","state":"Minnesota","phone":"651-816-3028"},
{"country":"United States","city":"Albuquerque","state":"New Mexico","phone":"505-477-6888"},
{"country":"United States","city":"Tulsa","state":"Oklahoma","phone":"918-177-3302"},
{"country":"United States","city":"New Orleans","state":"Louisiana","phone":"504-390-8066"},
{"country":"United States","city":"Virginia Beach","state":"Virginia","phone":"757-181-6607"},
{"country":"United States","city":"Savannah","state":"Georgia","phone":"912-390-5919"},
{"country":"United States","city":"Riverside","state":"California","phone":"951-980-5094"},
{"country":"United States","city":"Jacksonville","state":"Florida","phone":"904-494-2456"},
{"country":"United States","city":"Waterbury","state":"Connecticut","phone":"203-575-6367"},
{"country":"United States","city":"Columbus","state":"Ohio","phone":"614-604-5308"},
{"country":"United States","city":"Saint Louis","state":"Missouri","phone":"314-589-2990"},
{"country":"United States","city":"Boise","state":"Idaho","phone":"208-684-4070"},
{"country":"United States","city":"Fresno","state":"California","phone":"559-438-4208"},
{"country":"United States","city":"Milwaukee","state":"Wisconsin","phone":"414-308-4897"},
{"country":"United States","city":"Bronx","state":"New York","phone":"347-726-6986"},
{"country":"United States","city":"Jersey City","state":"New Jersey","phone":"201-586-5617"},
{"country":"United States","city":"Lake Charles","state":"Louisiana","phone":"337-879-6214"},
{"country":"United States","city":"Greensboro","state":"North Carolina","phone":"336-564-0030"},
{"country":"United States","city":"Durham","state":"North Carolina","phone":"919-498-4633"},
{"country":"United States","city":"Columbus","state":"Ohio","phone":"614-333-1883"},
{"country":"United States","city":"San Mateo","state":"California","phone":"805-323-3471"},
{"country":"United States","city":"College Station","state":"Texas","phone":"979-658-4361"},
{"country":"United States","city":"Phoenix","state":"Arizona","phone":"480-418-8548"},
{"country":"United States","city":"Amarillo","state":"Texas","phone":"806-367-4384"},
{"country":"United States","city":"El Paso","state":"Texas","phone":"915-597-8787"},
{"country":"United States","city":"Mobile","state":"Alabama","phone":"251-306-2828"},
{"country":"United States","city":"Henderson","state":"Nevada","phone":"702-354-4586"},
{"country":"United States","city":"San Antonio","state":"Texas","phone":"830-844-3857"},
{"country":"United States","city":"San Diego","state":"California","phone":"619-239-0517"},
{"country":"United States","city":"Santa Ana","state":"California","phone":"714-796-3686"},
{"country":"United States","city":"Columbus","state":"Ohio","phone":"614-154-6696"},
{"country":"United States","city":"Tulsa","state":"Oklahoma","phone":"918-273-6024"},
{"country":"United States","city":"San Diego","state":"California","phone":"619-962-3622"},
{"country":"United States","city":"Pensacola","state":"Florida","phone":"850-819-1626"},
{"country":"United States","city":"Baltimore","state":"Maryland","phone":"443-974-1340"},
{"country":"United States","city":"Peoria","state":"Illinois","phone":"309-568-1630"},
{"country":"United States","city":"Houston","state":"Texas","phone":"281-657-3424"},
{"country":"United States","city":"Dayton","state":"Ohio","phone":"937-732-6944"},
{"country":"United States","city":"Detroit","state":"Michigan","phone":"734-869-0582"},
{"country":"United States","city":"Austin","state":"Texas","phone":"512-413-1126"},
{"country":"United States","city":"Kalamazoo","state":"Michigan","phone":"269-387-1655"},
{"country":"United States","city":"Portland","state":"Oregon","phone":"503-983-5081"},
{"country":"United States","city":"El Paso","state":"Texas","phone":"915-424-3529"},
{"country":"United States","city":"Mobile","state":"Alabama","phone":"251-323-1618"},
{"country":"United States","city":"New Orleans","state":"Louisiana","phone":"504-881-7819"},
{"country":"United States","city":"Fresno","state":"California","phone":"559-388-4073"},
{"country":"United States","city":"Frederick","state":"Maryland","phone":"240-723-0791"},
{"country":"United States","city":"Sioux Falls","state":"South Dakota","phone":"605-966-1465"},
{"country":"United States","city":"El Paso","state":"Texas","phone":"915-961-0471"},
{"country":"United States","city":"Seattle","state":"Washington","phone":"206-993-0146"},
{"country":"United States","city":"San Diego","state":"California","phone":"619-319-1004"},
{"country":"United States","city":"Norfolk","state":"Virginia","phone":"757-155-6716"},
{"country":"United States","city":"Flint","state":"Michigan","phone":"810-574-1275"},
{"country":"United States","city":"Denver","state":"Colorado","phone":"303-400-8930"},
{"country":"United States","city":"Miami","state":"Florida","phone":"786-316-3153"},
{"country":"United States","city":"Sioux Falls","state":"South Dakota","phone":"605-597-2375"},
{"country":"United States","city":"Tampa","state":"Florida","phone":"813-575-9658"},
{"country":"United States","city":"Flushing","state":"New York","phone":"917-179-8706"},
{"country":"United States","city":"Gilbert","state":"Arizona","phone":"602-540-6490"},
{"country":"United States","city":"Shreveport","state":"Louisiana","phone":"318-662-3088"},
{"country":"United States","city":"Philadelphia","state":"Pennsylvania","phone":"215-130-7206"},
{"country":"United States","city":"Atlanta","state":"Georgia","phone":"770-676-9855"},
{"country":"United States","city":"Anniston","state":"Alabama","phone":"256-300-9875"}]